0,Moj Salon,09:00-20:00
1,Moj Salon,08:00-20:00
2,Moj Salon,08:00-20:00
3,Moj Salon,08:00-20:00
4,Moj Salon,08:00-20:00
5,Moj Salon,08:00-20:00
6,Moj Salon,08:00-20:00
7,Moj Salon,08:00-20:00
8,Moj Salon,08:00-20:00
9,Moj Salon,08:00-20:00
10,Moj Salon,08:00-20:00
11,Moj Salon,08:00-20:00
12,Moj Salon,08:00-20:00
13,Moj Salon,08:00-20:00
14,Moj Salon,08:00-20:00
15,Moj Salon,08:00-20:00
16,Moj Salon,08:00-20:00
17,Moj Salon,08:00-20:00
18,Moj Salon,08:00-20:00
19,Moj Salon,08:00-20:00
20,Moj Salon,08:00-20:00
21,Moj Salon,08:00-20:00
22,Moj Salon,08:00-20:00
23,Moj Salon,08:00-20:00
24,Moj Salon,08:00-20:00
25,Moj Salon,08:00-20:00
26,Moj Salon,08:00-20:00
27,Moj Salon,08:00-20:00
28,Moj Salon,08:00-20:00
29,Moj Salon,08:00-20:00
30,Moj Salon,08:00-20:00
31,Moj Salon,08:00-20:00
32,Moj Salon,08:00-20:00
33,Moj Salon,08:00-20:00
34,Moj Salon,08:00-20:00
35,Moj Salon,08:00-20:00
36,Moj Salon,08:00-20:00
37,Moj Salon,08:00-20:00
38,Moj Salon,08:00-20:00
39,Moj Salon,08:00-20:00
40,Moj Salon,08:00-20:00
41,Moj Salon,08:00-20:00
42,Moj Salon,08:00-20:00
43,Moj Salon,08:00-20:00
44,Moj Salon,08:00-20:00
45,Moj Salon,08:00-20:00
46,Moj Salon,08:00-20:00
47,Moj Salon,08:00-20:00
48,Moj Salon,08:00-20:00
49,Moj Salon,08:00-20:00
50,Moj Salon,08:00-20:00
51,Moj Salon,08:00-20:00
52,Moj Salon,08:00-20:00
53,Moj Salon,08:00-20:00
54,Moj Salon,08:00-20:00
55,Moj Salon,08:00-20:00
56,Moj Salon,08:00-20:00
57,Moj Salon,08:00-20:00
58,Moj Salon,08:00-20:00
59,Moj Salon,08:00-20:00
60,Moj Salon,08:00-20:00
61,Moj Salon,08:00-20:00
62,Moj Salon,08:00-20:00
63,Moj Salon,08:00-20:00
64,Moj Salon,08:00-20:00
65,Moj Salon,08:00-20:00
66,Moj Salon,08:00-20:00
